Timestamp,Select the age range that applies,In what region do you currently live / work?,What gender do you identify with?,How many years have you been a professional designer? (regardless of career level),"Before starting your design career, what was your primary academic or professional trajectory?",What is the highest level of design education you have completed?,When did you first consider design as a career path,"When you first considered design as a career path, what was your level of confidence in your decision?",How supportive were the people around you about pursuing design as career?,To what degree do you feel like you displayed natural qualities of leadership when you were growing up?,How would you describe your entry into design as a career?,"How much do you agree with the following statement: ""Someone actively invited or guided me into the design field (e.g., a mentor, professor, or peer).""",Was your first career job as a designer or in a different profession/industry?, How would you describe the scale of the first design team you worked in?, How would you describe the type of organization you first worked in as a designer?, How would you describe the design discipline / practice of your first professional design job?,What career level best describes your current position?,How long have you been in your current role?,What is the title of the person who you report to?,"When you began your current role, to what degree were you sufficiently onboarded or trained? ","As you've advanced in your career, how much have coaches, mentors, or sponsors influenced your journey? ","As you've advanced in your carer, have you received formal training in management or leadership? ",Which of the following have been major setbacks in your career [select all that apply],How many years into your career did you first hold a formal design leadership role? (i.e. managing people or leading a project/initiative),"In your current role, how many designers report up to you? (directly or indirectly)","Do you manage employees outside of design (i.e., engineers, product managers, etc)? If so, how many and what functions? ",Which factors have been most important to you advancing in your career as a design leader? [select at most 3],"In the next 5 years, how do you expect the global design industry to evolve?","In the next 5 years, how much do you expect your tool stack to change?","In the next 5 years, which direction best describes your intended career trajectory? ",How much are you actively investing in your own career aspirations?,How much are you actively developing successors or next-generation leaders in your team or org?,How many people have you mentored in the past 3 years? (rough estimate),"Outside of your primary role, are you currently engaged in any of the following? (Select all that apply)","If you'd like to be interviewed for the project as well, please leave your email."
3/6/2026 15:40:09,24-35,Africa,Male,5,Engineering / Computer Science,I hold an undergraduate degree in design,It was my childhood dream,5,5,5,A single defining moment or experience,5,My first job was as a designer.,"Large, established design organization (21+)",Agency / Consultancy,"Brand Design, Graphic Design, Digital product Design, UX Research, UI Design, Design Ops, Industrial Design, Service Design, Communication Design, Spatial Design, Design Strategy, Interior Design, Content Design, Editorial Design",Staff level designer,2,Manager ,5,5,5,"Non-design (product, engineering, etc.) team members / leaders not supporting design, Layoffs / Contraction at my company, Project or product being cancelled, Under-compensation or financial pressure, Lack of growth opportunities at my company, Burnout, Contracted design job market industry-wide",4,2,"29, through management ","Proven business or user outcomes, Budget or scope of management, Sponsorship or advocacy from senior leaders",5,5,advance to the next career level,5,5,100,"Writing (blog, book, articles), Teaching or lecturing, Attending conferences and events, Presenting at conferences or events, Mentoring or coaching (informal), Side projects or freelance work, Building a company or startup, Community organizing or design advocacy, Social media / content creation",
3/6/2026 8:44:49,36-45,Asia,Female,16,"Psychology, Fine Art, Animation & Multimedia",I hold a Master's degree or higher in design.,It was my childhood dream,5,5,4,A gradual accumulation of interests that reached a tipping point,1,My first job was as a designer.,Small team (2–5 designers),Corporate (In-house),"Digital product Design, UX Research, Design Ops, Service Design, Interaction Design, Spatial Design, Design Strategy",Creative Director (consulting / design services),5 years,EVP,2,1,1,"Non-design (product, engineering, etc.) team members / leaders not supporting design, Under-compensation or financial pressure, Lack of growth opportunities at my company, Burnout",8,18,No,"Proven business or user outcomes, Sponsorship or advocacy from senior leaders, Business accumen",4,4,advance to the next career level,4,3,10,"Writing (blog, book, articles), Attending conferences and events, Side projects or freelance work, Building a company or startup",
3/6/2026 8:57:33,36-45,Asia,Male,18,Arts / Fine Arts / Humanities,I hold an undergraduate degree in design,During undergraduate studies,4,3,3,A natural continuation of what I'd always been doing,1,My first job was as a designer.,Mid-size team (6–20 designers),Corporate (In-house),"Digital product Design, UI Design",Senior IC / Principal designer,7 months ,Senior director ,4,5,4,Layoffs / Contraction at my company,4,4,No,"Proven business or user outcomes, Awards or recognition, Relationships with key stakeholders",2,5,continue at current level,5,4,6,"Teaching or lecturing, Mentoring or coaching (informal)",
3/6/2026 20:04:19,36-45,Asia,Female,13,Engineering / Computer Science,I did not study design formally.,During undergraduate studies,4,3,2,An unexpected opportunity I hadn't planned for,1,My first job was as a designer.,Small team (2–5 designers),Startup,Digital product Design,Senior IC / Principal designer,5,"Deputy Director for Product (in civil service, but they behave like GMs for the business line)",3,4,2,Burnout,4,7,0,"Proven business or user outcomes, Speaking at conferences or industry events, Business accumen",3,5,advance to the next career level,4,4,5,"Mentoring or coaching (informal), Side projects or freelance work",
3/9/2026 4:49:05,46-55,Asia,Male,22,Arts / Fine Arts / Humanities,I hold an undergraduate degree in design,During undergraduate studies,4,5,1,A single defining moment or experience,1,My first job was in a different profession / industry.,Small team (2–5 designers),Agency / Consultancy,Webmaster,Director level designer,2,CEO,1,2,2,"Under-compensation or financial pressure, Lack of growth opportunities at my company, Burnout",6,1,None,"Proven business or user outcomes, Case studies with measurable business results, Relationships with key stakeholders",5,5,advance to the next career level,5,2,6,"Writing (blog, book, articles), Attending conferences and events, Mentoring or coaching (informal), Side projects or freelance work, Social media / content creation",
3/5/2026 20:04:17,36-45,Australia / NZ / Pacific Islands,Female,12,"Social Sciences (Psychology, Sociology, Anthropology)",I did not study design formally.,Mid-career pivot (3+ years into a different field),5,3,2,An unexpected opportunity I hadn't planned for,1,My first job was in a different profession / industry.,"Large, established design organization (21+)",Corporate (In-house),"UX Research, Service Design, Communication Design, Design Strategy, Behavioural science/design",CX strategist with behavioural/user research expertise ,4,Head of Experience Strategy ,1,4,1,"Layoffs / Contraction at my company, Project or product being cancelled, Under-compensation or financial pressure, Lack of growth opportunities at my company, Regulatory focus in financial services constantly prioritised over CX or design",10,None directly. Designers work on my projects on a case by case basis. Im in a design practice of 40.,As above but with insights,"Proven business or user outcomes, Case studies with measurable business results, Relationships with key stakeholders",3,4,advance to the next career level,4,2,3,Attending conferences and events,
3/5/2026 15:42:33,46-55,Australia / Pacific Islands,Female,15 years,Arts / Fine Arts / Humanities,I did not study design formally.,Mid-career pivot (3+ years into a different field),3,4,4,An unexpected opportunity I hadn't planned for,4,My first job was in a different profession / industry.,Solo designer (I was the only designer in the organization),NGO / Non-profit,Service Design,Partner (consulting / design services),5,n/a,1,2,1,organisational maturity around the value of design,8,2 + project dependent contractors,1 - Marketing,"Proven business or user outcomes, Published writing or thought leadership, Business accumen",4,3,continue at current level,5,3,20,"Writing (blog, book, articles), Teaching or lecturing, Attending conferences and events, Presenting at conferences or events, Building a company or startup, Community organizing or design advocacy, Social media / content creation",
3/5/2026 16:13:15,46-55,Australia / Pacific Islands,Female,18,Business / Economics,I hold a degree in design from a community college.,During undergraduate studies,4,4,5,A natural continuation of what I'd always been doing,2,My first job was in a different profession / industry.,Small team (2–5 designers),Agency / Consultancy,"Graphic Design, Digital product Design, Service Design, Content Design",Director level designer,2,General Manager,2,3,4,"Non-design (product, engineering, etc.) team members / leaders not supporting design, Layoffs / Contraction at my company, Lack of growth opportunities at my company, Burnout",6,14,Advise not manage in the role of program delivery,"Speaking at conferences or industry events, Sponsorship or advocacy from senior leaders, Business accumen",4,5,Experimenting on new business and exec roles in fractional consulting or new emerging roles in RAI,5,5,6,"Writing (blog, book, articles), Attending conferences and events, Presenting at conferences or events, Mentoring or coaching (informal), Side projects or freelance work, Building a company or startup, Community organizing or design advocacy",
3/5/2026 19:43:36,24-35,Australia / Pacific Islands,Female,8,I was always on a design-specific track,I hold an undergraduate degree in design,During undergraduate studies,2,5,2,A single defining moment or experience,5,My first job was in a different profession / industry.,Mid-size team (6–20 designers),Corporate (In-house),Service Design,Senior design manager (managing multiple teams),4 years,Head of CX,2,5,1,"Non-design (product, engineering, etc.) team members / leaders not supporting design, Burnout",4,6,"Yes, BA and Engineers. 5 or 6 at a time.","Proven business or user outcomes, Case studies with measurable business results, Relationships with key stakeholders",5,5,advance to the next career level,3,5,2,"Writing (blog, book, articles), Attending conferences and events, Mentoring or coaching (informal), Community organizing or design advocacy",
3/5/2026 16:25:09,56-65,Europe,Male,35,Arts / Fine Arts / Humanities,I hold an undergraduate degree in design,Before college/university,2,5,3,A single defining moment or experience,4,My first job was as a designer.,"Large, established design organization (21+)",Corporate (In-house),"Graphic Design, Digital product Design, UI Design, Industrial Design, Interaction Design, Design Strategy",Chief Design Officer,8 yrs,Operating commitee (BoM),5,2,3,"Non-design (product, engineering, etc.) team members / leaders not supporting design, Layoffs / Contraction at my company, Project or product being cancelled",5,200,20 in Branding,"Previous team size or headcount managed, Budget or scope of management, Business accumen",4,4,retirement,3,5,5,"Writing (blog, book, articles), Teaching or lecturing, Attending conferences and events, Presenting at conferences or events, Mentoring or coaching (informal), Community organizing or design advocacy",
3/6/2026 6:48:03,36-45,Europe,Female,23,Advertising ,I hold a Master's degree or higher in design.,Early career (0–3 years into a different field),4,5,5,A non-paid internship at Ogilvy Design,1,My first job was in a different profession / industry.,"Large, established design organization (21+)",Agency / Consultancy,"Brand Design, Graphic Design, Communication Design, Design Strategy, Exhibition Design, Point of sale",Senior IC / Principal designer,4,Digital Domain Manager ,3,5,4,"Non-design (product, engineering, etc.) team members / leaders not supporting design, Layoffs / Contraction at my company, Project or product being cancelled, Lack of growth opportunities at my company, It’s been MANY years with several different challenges ",5,"I’m an IC, no reports but my domain team is made of 30 ppl, out of a wider 300 XD Department ",No ,"Relationships with key stakeholders, Business accumen, Aligning myself with key initiatives ",1,5,unsure,5,1,20,"Teaching or lecturing, Attending conferences and events, Mentoring or coaching (informal), Community organizing or design advocacy",
3/6/2026 6:49:26,46-55,Europe,Male,25,Business / Economics,I did not study design formally.,Early career (0–3 years into a different field),3,3,4,A gradual accumulation of interests that reached a tipping point,1,My first job was in a different profession / industry.,Small team (2–5 designers),Corporate (In-house),"Digital product Design, UI Design",VP level designer,1 week,Executive Vice President Experience and Innovation,3,4,4,"Non-design (product, engineering, etc.) team members / leaders not supporting design, Layoffs / Contraction at my company, Under-compensation or financial pressure, Lack of growth opportunities at my company",3,75,0,"Proven business or user outcomes, Sponsorship or advocacy from senior leaders, Business accumen",4,5,unsure,5,4,15,"Writing (blog, book, articles), Presenting at conferences or events, Mentoring or coaching (informal), Side projects or freelance work, Building a company or startup",
3/6/2026 7:35:12,36-45,Europe,Male,18,Arts / Fine Arts / Humanities,I hold an undergraduate degree in design,Early career (0–3 years into a different field),3,3,5,A natural continuation of what I'd always been doing,3,My first job was in a different profession / industry.,Small team (2–5 designers),Corporate (In-house),Graphic Design,Senior / Lead designer,8 years,Product Design Manager,5,4,4,"Lack of growth opportunities at my company, Burnout",10,0,no,"Proven business or user outcomes, Business accumen, Technical accumen",5,5,"start your own company (agency, startup, etc.)",5,3,4,"Writing (blog, book, articles), Mentoring or coaching (informal), Side projects or freelance work",
3/6/2026 7:54:10,46-55,Europe,Male,20,Natural Sciences,I did not study design formally.,Mid-career pivot (3+ years into a different field),3,4,4,A gradual accumulation of interests that reached a tipping point,1,My first job was in a different profession / industry.,Small team (2–5 designers),Agency / Consultancy,"UX Research, UI Design, Service Design, Interaction Design, Design Strategy",Senior design manager (managing multiple teams),6 months,Senior VP of Design,4,5,3,"Non-design (product, engineering, etc.) team members / leaders not supporting design, Lack of growth opportunities at my company",9,10,no,"Proven business or user outcomes, Relationships with key stakeholders, Years of experience",4,5,advance to the next career level,3,2,20,"Teaching or lecturing, Attending conferences and events, Presenting at conferences or events, Mentoring or coaching (informal)",
3/6/2026 9:19:28,46-55,Europe,Male,25,Arts / Fine Arts / Humanities,I did not study design formally.,Early career (0–3 years into a different field),4,4,3,An unexpected opportunity I hadn't planned for,3,My first job was in a different profession / industry.,Mid-size team (6–20 designers),Agency / Consultancy,Digital product Design,Director level designer,8 months,Chief Design Officer,4,3,3,"Non-design (product, engineering, etc.) team members / leaders not supporting design, Layoffs / Contraction at my company",6,14,8 - user researchers,"Proven business or user outcomes, Previous team size or headcount managed, Budget or scope of management",2,5,continue at current level,2,4,2,"Attending conferences and events, Mentoring or coaching (informal)",
3/6/2026 10:30:45,24-35,Europe,Female,15,Medical,I did not study design formally.,Early career (0–3 years into a different field),5,5,5,Natural circling back from teenage years doing it for fun,1,My first job was in a different profession / industry.,Small team (2–5 designers),Startup,"Digital product Design, Design Ops, Design Strategy",Director level designer,8 months,CPO,3,1,3,"Non-design (product, engineering, etc.) team members / leaders not supporting design, Layoffs / Contraction at my company, Burnout",2,6,2 in brand and marketing ,"Proven business or user outcomes, Business accumen, Technical accumen",2,4,"start your own company (agency, startup, etc.)",5,4,10,"Writing (blog, book, articles), Presenting at conferences or events, Mentoring or coaching (informal), Side projects or freelance work, Building a company or startup",
3/6/2026 12:17:04,46-55,Europe,Male,26,Arts / Fine Arts / Humanities,I did not study design formally.,During graduate studies,4,4,3,An unexpected opportunity I hadn't planned for,5,My first job was as a designer.,Small team (2–5 designers),Agency / Consultancy,Web design,Director level designer,10 years,VP of design,4,1,1,"Non-design (product, engineering, etc.) team members / leaders not supporting design, Contracted design job market industry-wide",10,60,No,"Proven business or user outcomes, Previous team size or headcount managed, Sponsorship or advocacy from senior leaders",2,5,advance to the next career level,4,5,5,"Writing (blog, book, articles), Mentoring or coaching (informal), Side projects or freelance work, Social media / content creation",
3/6/2026 15:22:27,36-45,Europe,Male,20,I was always on a design-specific track,I hold a Master's degree or higher in design.,It was my childhood dream,5,3,1,A gradual accumulation of interests that reached a tipping point,1,My first job was as a designer.,Small team (2–5 designers),Agency / Consultancy,Industrial Design,VP level designer,4 years,Head of product ,4,1,4,"Non-design (product, engineering, etc.) team members / leaders not supporting design, Layoffs / Contraction at my company, Under-compensation or financial pressure, Lack of growth opportunities at my company, Burnout",10,9,No,"Proven business or user outcomes, Budget or scope of management, Case studies with measurable business results",5,5,shift to a different professional discipline / business area,3,4,7,"Writing (blog, book, articles), Teaching or lecturing, Attending conferences and events, Presenting at conferences or events, Mentoring or coaching (informal), Side projects or freelance work, Building a company or startup, Social media / content creation",
3/6/2026 17:03:52,46-55,Europe,Male,19,"Social Sciences (Psychology, Sociology, Anthropology)",I hold a Master's degree or higher in design.,Before college/university,5,1,5,A gradual accumulation of interests that reached a tipping point,1,My first job was as a designer.,"Large, established design organization (21+)",Corporate (In-house),"UX Research, UI Design, Industrial Design",VP level designer,1 year,Chief Digital Officer,3,1,1,"Non-design (product, engineering, etc.) team members / leaders not supporting design",7,30,No,"Proven business or user outcomes, Case studies with measurable business results, Business accumen",2,4,unsure,4,1,3,"Writing (blog, book, articles), Teaching or lecturing, Presenting at conferences or events, Mentoring or coaching (informal), Side projects or freelance work, Building a company or startup, Social media / content creation",
3/7/2026 1:35:16,46-55,Europe,Female,25,I was always on a design-specific track,I hold a Master's degree or higher in design.,Before college/university,3,1,4,A natural continuation of what I'd always been doing,1,My first job was as a designer.,Small team (2–5 designers),Freelance / Independent,"Graphic Design, Industrial Design, Service Design, Exhibition Design",Associate partner consulting,2 years,Partner,2,1,2,"Non-design (product, engineering, etc.) team members / leaders not supporting design, Lack of growth opportunities at my company",15,0,0,"Budget or scope of management, Case studies with measurable business results",2,5,unsure,4,1,50,"Teaching or lecturing, Attending conferences and events, Presenting at conferences or events",
3/7/2026 1:38:16,36-45,Europe,Female,19,I was always on a design-specific track,I hold a Master's degree or higher in design.,Before college/university,3,2,4,A single defining moment or experience,5,My first job was as a designer.,Small team (2–5 designers),Agency / Consultancy,Graphic Design,Senior design manager (managing multiple teams),4.5 years,Head of CX,1,3,2,"Non-design (product, engineering, etc.) team members / leaders not supporting design, Layoffs / Contraction at my company, Burnout",9,14,-,"Proven business or user outcomes, Speaking at conferences or industry events, Sponsorship or advocacy from senior leaders",2,4,shift your career away from design completely,4,4,15,"Teaching or lecturing, Presenting at conferences or events, Mentoring or coaching (informal), Community organizing or design advocacy, Social media / content creation",
3/7/2026 16:39:48,46-55,Europe,Male,27,I was always on a design-specific track,I hold a degree in design from a community college.,Before college/university,3,3,1,A gradual accumulation of interests that reached a tipping point,1,My first job was as a designer.,Mid-size team (6–20 designers),Agency / Consultancy,"Brand Design, Digital product Design, UI Design, Communication Design, Interaction Design",Senior / Lead designer,2,Design Manager,3,2,2,"Non-design (product, engineering, etc.) team members / leaders not supporting design, Project or product being cancelled, Lack of growth opportunities at my company, Contracted design job market industry-wide",17,18,No,"Proven business or user outcomes, Relationships with key stakeholders, Years of experience",3,4,continue at current level,2,4,5,"Mentoring or coaching (informal), Side projects or freelance work",
3/8/2026 7:44:59,36-45,Europe,Male,15,Architecture,I hold a Master's degree or higher in design.,It was my childhood dream,2,1,3,A gradual accumulation of interests that reached a tipping point,1,My first job was in a different profession / industry.,Solo designer (I was the only designer in the organization),Startup,"Graphic Design, Digital product Design, Industrial Design, Interior Design",Senior / Lead designer,Last 5 years,Head of Product,4,2,1,"Non-design (product, engineering, etc.) team members / leaders not supporting design, Project or product being cancelled, Lack of growth opportunities at my company",5,3,2 Front-end engineers ,"Proven business or user outcomes, Case studies with measurable business results, Technical accumen",4,4,advance to the next career level,4,3,8,"Mentoring or coaching (informal), Side projects or freelance work, Building a company or startup",
3/9/2026 8:22:02,24-35,Europe,Male,10,I was always on a design-specific track,I hold an undergraduate degree in design,Before college/university,4,4,4,A natural continuation of what I'd always been doing,4,My first job was as a designer.,Solo designer (I was the only designer in the organization),Freelance / Independent,"Digital product Design, UI Design, Interaction Design",Senior IC / Principal designer,8 months,CEO,2,4,4,"Project or product being cancelled, Difficulty finding the right collaborators",6,0,0,"Relationships with key stakeholders, The jump to management happened because the Head of Design left and I was the most senior designer and interested",4,4,continue at current level,4,1,5,"Mentoring or coaching (informal), Side projects or freelance work",
3/9/2026 14:24:30,46-55,Europe,Male,25,Engineering / Computer Science,I hold a Master's degree or higher in design.,During undergraduate studies,3,3,4,A gradual accumulation of interests that reached a tipping point,4,My first job was as a designer.,Mid-size team (6–20 designers),Agency / Consultancy,Interaction Design,Director level designer,5 years,Chief Product Officer,1,2,3,"Layoffs / Contraction at my company, Project or product being cancelled, Lack of growth opportunities at my company",7,13,UX research and UX writing if that counts ,"Relationships with key stakeholders, Business accumen, Years of experience",4,5,shift to a different professional discipline / business area,3,3,10,"Writing (blog, book, articles)",
3/10/2026 6:17:57,56-65,Europe,Male,24,Arts / Fine Arts / Humanities,I did not study design formally.,It was my childhood dream,3,4,4,An unexpected opportunity I hadn't planned for,5,My first job was as a designer.,"Large, established design organization (21+)",Corporate (In-house),"Brand Design, Graphic Design, Digital product Design, UI Design, Interaction Design, Content Design",Senior IC / Principal designer,1.5 years,Director AI Partnerships,2,3,4,"Under-compensation or financial pressure, Lack of growth opportunities at my company, Burnout",3,0,no,"Proven business or user outcomes, Relationships with key stakeholders, Business accumen",2,4,shift to a different professional discipline / business area,4,2,6,"Teaching or lecturing, Presenting at conferences or events, Mentoring or coaching (informal), Side projects or freelance work",
3/13/2026 10:08:34,36-45,Europe,Male,25,Engineering / Computer Science,I hold a Master's degree or higher in design.,During graduate studies,5,4,4,A pragmatic decision based on job prospects or circumstances,1,My first job was in a different profession / industry.,Solo designer (I was the only designer in the organization),Agency / Consultancy,"Brand Design, Graphic Design, Digital product Design, Editorial Design",Design manager (managing one team of designers),1 year,Director,2,4,3,"Non-design (product, engineering, etc.) team members / leaders not supporting design, Lack of growth opportunities at my company",10,4,0,"Proven business or user outcomes, Previous team size or headcount managed, Case studies with measurable business results",3,4,advance to the next career level,4,4,15,"Writing (blog, book, articles), Teaching or lecturing, Attending conferences and events, Presenting at conferences or events, Mentoring or coaching (informal), Social media / content creation",
3/6/2026 2:54:07,46-55,Middle East,Female,20,Arts / Fine Arts / Humanities,I hold an undergraduate degree in design,During undergraduate studies,2,4,4,A gradual accumulation of interests that reached a tipping point,2,My first job was as a designer.,Small team (2–5 designers),Agency / Consultancy,"Brand Design, Graphic Design, Communication Design",Senior design manager (managing multiple teams),3 years,CCO,1,4,5,"Non-design (product, engineering, etc.) team members / leaders not supporting design, Lack of growth opportunities at my company",6,8,Yes,"Proven business or user outcomes, Previous team size or headcount managed, Case studies with measurable business results",3,5,shift to a different professional discipline / business area,5,3,50,"Writing (blog, book, articles), Attending conferences and events, Mentoring or coaching (informal), Social media / content creation",
3/6/2026 6:01:11,36-45,Middle East,Male,17,Engineering / Computer Science,I have a bootcamp certificate.,Mid-career pivot (3+ years into a different field),4,4,4,A gradual accumulation of interests that reached a tipping point,2,My first job was in a different profession / industry.,Small team (2–5 designers),Corporate (In-house),UI Design,Design manager (managing one team of designers),3 years,Service Line Leader,4,3,4,"Non-design (product, engineering, etc.) team members / leaders not supporting design, Under-compensation or financial pressure, Burnout",3,5,"Yes, 4 Maximo Consultants","Proven business or user outcomes, Case studies with measurable business results, Awards or recognition",4,5,advance to the next career level,3,5,20,"Teaching or lecturing, Presenting at conferences or events, Mentoring or coaching (informal)",
3/9/2026 20:07:00,36-45,Europe,Male,10,I was always on a design-specific track,I hold an undergraduate degree in design,Before college/university,4,5,3,A gradual accumulation of interests that reached a tipping point,3,My first job was as a designer.,Small team (2–5 designers),Startup,UI Design,Senior / Lead designer,2 years,N/A,4,3,2,"Non-design (product, engineering, etc.) team members / leaders not supporting design, Under-compensation or financial pressure",6,4,2,"Proven business or user outcomes, Sponsorship or advocacy from senior leaders, Years of experience",4,3,advance to the next career level,4,3,10,"Writing (blog, book, articles), Mentoring or coaching (informal), Side projects or freelance work","I'd prefer not to share.   Btw random tip, surveyswap.io was a lifesaver for finding respondents, and it's free. Anyway, good luck!"
3/5/2026 15:33:14,46-55,North America,Female,23,I was always on a design-specific track,I hold a Master's degree or higher in design.,During undergraduate studies,5,5,4,A single defining moment or experience,5,My first job was as a designer.,"Large, established design organization (21+)",Corporate (In-house),Industrial Design,Partner (consulting / design services),4 days!,Chief design officer,3,4,4,"Non-design (product, engineering, etc.) team members / leaders not supporting design, Burnout",3,3,"Not now but have done in my past role whic involved charge mgt responsibilities as well as a design system. My team of 80 was about half design, half Eng, and a few PM’s","Proven business or user outcomes, Sponsorship or advocacy from senior leaders, Business accumen",4,5,retirement,4,4,30,"Attending conferences and events, Mentoring or coaching (informal)",
3/5/2026 15:45:28,56-65,North America,Male,25,I was always on a design-specific track,I hold an undergraduate degree in design,Before college/university,3,5,4,An unexpected opportunity I hadn't planned for,1,My first job was in a different profession / industry.,Mid-size team (6–20 designers),Agency / Consultancy,"Brand Design, Graphic Design, Communication Design, Environmental/store design",Director level designer,Less than a year ,Vice president of marketing communications ,5,5,4,"Non-design (product, engineering, etc.) team members / leaders not supporting design",10,12,No,"Proven business or user outcomes, Years of experience, Technical accumen",3,4,continue at current level,3,4,30,"Teaching or lecturing, Attending conferences and events, Presenting at conferences or events, Mentoring or coaching (informal)",
3/5/2026 15:45:54,46-55,North America,Male,25,I was always on a design-specific track,I hold an undergraduate degree in design,During undergraduate studies,5,5,5,A gradual accumulation of interests that reached a tipping point,5,My first job was as a designer.,Small team (2–5 designers),Agency / Consultancy,"Graphic Design, Interaction Design, Motion Design",Director level designer,9 months,Studio Principal,3,5,5,"Under-compensation or financial pressure, Lack of growth opportunities at my company",10,3,no,"Published writing or thought leadership, Business accumen, Years of experience",1,5,advance to the next career level,3,3,30,"Writing (blog, book, articles), Teaching or lecturing, Attending conferences and events, Presenting at conferences or events, Mentoring or coaching (informal), Side projects or freelance work, Community organizing or design advocacy, Social media / content creation",
3/5/2026 16:51:32,46-55,North America,Male,28,I was always on a design-specific track,I hold a Master's degree or higher in design.,Before college/university,5,5,5,A natural continuation of what I'd always been doing,5,My first job was as a designer.,Solo designer (I was the only designer in the organization),Academic,"UX Research, UI Design, Interaction Design",Senior design manager (managing multiple teams),"I was laid off in January. At that time, I had been in my role about 5 years.",Director of Design,1,3,1,"Layoffs / Contraction at my company, Lack of growth opportunities at my company",17,11,2 engineers supporting design system,"Previous team size or headcount managed, Sponsorship or advocacy from senior leaders, Ability to speak to/demonstrate my knowledge and past experience",3,5,advance to the next career level,5,3,25,"Writing (blog, book, articles), Teaching or lecturing, Attending conferences and events, Presenting at conferences or events, Side projects or freelance work, Community organizing or design advocacy",
3/5/2026 16:52:01,46-55,North America,Male,30,Arts / Fine Arts / Humanities,I did not study design formally.,Before college/university,5,4,5,A natural continuation of what I'd always been doing,1,My first job was as a designer.,Solo designer (I was the only designer in the organization),NGO / Non-profit,"Digital product Design, Content Design, Editorial Design",Advisor / Mentor,4 years,N/A,1,3,1,"Layoffs / Contraction at my company, Project or product being cancelled, Lack of growth opportunities at my company, Studio partner ran our business into the ground",2,N/A but 40+ at most when I was employed,I have done so several times,"Published writing or thought leadership, Relationships with key stakeholders, Business accumen",1,5,shift your career away from design completely,5,5,75,"Writing (blog, book, articles), Teaching or lecturing, Attending conferences and events, Presenting at conferences or events, Mentoring or coaching (informal), Side projects or freelance work, Building a company or startup, Community organizing or design advocacy",
3/5/2026 16:55:06,65+,North America,Male,20,Business / Economics,I have a bootcamp certificate.,Mid-career pivot (3+ years into a different field),4,4,4,An unexpected opportunity I hadn't planned for,4,My first job was in a different profession / industry.,"Large, established design organization (21+)",Corporate (In-house),Design Ops,Director level designer,2,Vp,4,4,4,Layoffs / Contraction at my company,15,20,150,Proven business or user outcomes,4,4,retirement,3,4,4,Social media / content creation,
3/5/2026 17:02:02,46-55,North America,Male,30+,Visual FX and Post Production for Film and TV,I did not study design formally.,Mid-career pivot (3+ years into a different field),5,5,3,A pragmatic decision based on job prospects or circumstances,1,My first job was in a different profession / industry.,Solo designer (I was the only designer in the organization),Freelance / Independent,"Brand Design, Graphic Design, Motion Design",Design Founder,18 months,NA,5,1,1,"Non-design (product, engineering, etc.) team members / leaders not supporting design, Layoffs / Contraction at my company, Project or product being cancelled",10,None,No,"Relationships with key stakeholders, Years of experience, Technical accumen",2,5,"start your own company (agency, startup, etc.)",5,3,20,"Mentoring or coaching (informal), Building a company or startup, Social media / content creation",
3/5/2026 17:09:24,56-65,North America,Male,31,Marketing,I did not study design formally.,During undergraduate studies,5,2,2,An unexpected opportunity I hadn't planned for,2,My first job was in a different profession / industry.,Small team (2–5 designers),Agency / Consultancy,Graphic Design,Project Manager,2 months,Program Director of Product Management,4,5,4,"Under-compensation or financial pressure, Lack of growth opportunities at my company, Burnout, career transition",15,0,0,"Speaking at conferences or industry events, Published writing or thought leadership, Sponsorship or advocacy from senior leaders",1,5,I already shifted from design to have flexibility on job choices,4,3,80,"Writing (blog, book, articles), Mentoring or coaching (informal), Design guild leader",
3/5/2026 17:17:49,36-45,North America,Female,15,Arts / Fine Arts / Humanities,I did not study design formally.,Early career (0–3 years into a different field),3,3,3,An unexpected opportunity I hadn't planned for,1,My first job was in a different profession / industry.,"Large, established design organization (21+)",Agency / Consultancy,Design Ops,Senior design manager (managing multiple teams),2 years,VP,3,5,3,"Under-compensation or financial pressure, Lack of growth opportunities at my company, Burnout",4,2,0,"Proven business or user outcomes, Published writing or thought leadership, Sponsorship or advocacy from senior leaders",3,5,shift to a different professional discipline / business area,4,4,50,"Writing (blog, book, articles), Attending conferences and events, Presenting at conferences or events, Mentoring or coaching (informal), Community organizing or design advocacy",
3/5/2026 17:19:57,56-65,North America,Female,27 years,Arts / Fine Arts / Humanities,I did not study design formally.,Early career (0–3 years into a different field),4,4,3,A natural continuation of what I'd always been doing,4,My first job was in a different profession / industry.,Small team (2–5 designers),Agency / Consultancy,information architecture,Advisor / Mentor,2.5 years,I am self-employed,1,1,5,"Non-design (product, engineering, etc.) team members / leaders not supporting design, Lack of growth opportunities at my company, Burnout",17,0,no,"Previous team size or headcount managed, Business accumen, Ability to influence and work with other roles (product management, marketing, engineering, sales), as well as functioning as an executive leader in a credible way",2,5,continue at current level,3,1,6,"Writing (blog, book, articles), Building a company or startup, Social media / content creation",
3/5/2026 17:32:33,46-55,North America,Female,30,Law,I hold an undergraduate degree in design,During undergraduate studies,5,5,3,A gradual accumulation of interests that reached a tipping point,4,My first job was as a designer.,Solo designer (I was the only designer in the organization),Corporate (In-house),Graphic Design,VP level designer,3 years,SVP,1,2,2,"Non-design (product, engineering, etc.) team members / leaders not supporting design, Burnout, Politics",5,25,"Yes, Research and Product Managers","Proven business or user outcomes, Relationships with key stakeholders, Business accumen",4,5,unsure,3,3,5,Building a company or startup,
3/5/2026 17:32:33,36-45,North America,Non binary,12,"Social Sciences (Psychology, Sociology, Anthropology)",I did not study design formally.,Early career (0–3 years into a different field),5,2,3,A single defining moment or experience,1,My first job was in a different profession / industry.,Mid-size team (6–20 designers),Startup,Digital product Design,Director level designer,11 months,CPO,3,1,2,"Under-compensation or financial pressure, Lack of growth opportunities at my company, Contracted design job market industry-wide",2,8,0,"Proven business or user outcomes, Previous team size or headcount managed, Business accumen",2,4,advance to the next career level,5,5,20,"Mentoring or coaching (informal), Building a company or startup",
3/5/2026 17:36:02,36-45,North America,Female,20,Architecture,I hold a Master's degree or higher in design.,During undergraduate studies,4,4,4,A pragmatic decision based on job prospects or circumstances,2,My first job was as a designer.,Small team (2–5 designers),Corporate (In-house),"Graphic Design, Digital product Design, Editorial Design",Director level designer,1 year,CEO,1,4,2,"Non-design (product, engineering, etc.) team members / leaders not supporting design, Lack of growth opportunities at my company, Burnout",3,3,no,"Case studies with measurable business results, Published writing or thought leadership, Advanced degree (MBA, MFA, etc.)",4,5,advance to the next career level,4,3,10,"Writing (blog, book, articles), Teaching or lecturing, Presenting at conferences or events, Mentoring or coaching (informal), Side projects or freelance work, Community organizing or design advocacy",
3/5/2026 17:40:43,46-55,North America,Female,26,"Social Sciences (Psychology, Sociology, Anthropology)",I hold a Master's degree or higher in design.,During undergraduate studies,5,5,4,A natural continuation of what I'd always been doing,5,My first job was as a designer.,"Large, established design organization (21+)",Agency / Consultancy,UX Research,Director level designer,6 months ,Executive director,1,5,5,"Non-design (product, engineering, etc.) team members / leaders not supporting design, Burnout",2,0 as I am currently freelancing as a fractional experience strategy advisor to design leads within an organization.,0,"Proven business or user outcomes, Sponsorship or advocacy from senior leaders, Relationships with key stakeholders",2,4,shift your career away from design completely,4,5,7,"Attending conferences and events, Mentoring or coaching (informal)",
3/5/2026 18:02:45,46-55,North America,Female,33 years,Arts / Fine Arts / Humanities,I hold an undergraduate degree in design,Before college/university,1,1,3,A gradual accumulation of interests that reached a tipping point,1,My first job was as a designer.,Mid-size team (6–20 designers),Contractor,Game design,Design System Program Manager (IC),2.5 years,Director of UX,4,1,1,"Project or product being cancelled, Under-compensation or financial pressure, Lack of growth opportunities at my company, Burnout, Dot-com bust -- market imploded",3,0,0,"Business accumen, Years of experience, Soft skills and working at companies like WebMd, Coca-Cola, IBM",3,5,this market with the combination of AI and tech layoffs make it hard to plan the future,4,3,5,"Attending conferences and events, Side projects or freelance work, Social media / content creation",
3/5/2026 18:14:30,56-65,North America,Male,35,I was always on a design-specific track,I hold a Master's degree or higher in design.,Before college/university,4,3,4,A gradual accumulation of interests that reached a tipping point,3,My first job was as a designer.,"Large, established design organization (21+)",Agency / Consultancy,Industrial Design,VP level designer,10,Chief Design Officer,4,4,3,"Non-design (product, engineering, etc.) team members / leaders not supporting design, Layoffs / Contraction at my company, Lack of top down sponsorship",5,12,None,"Published writing or thought leadership, Relationships with key stakeholders, Business accumen",2,4,"Advance to next career level, or Academia",4,3,5,"Writing (blog, book, articles), Teaching or lecturing, Attending conferences and events, Presenting at conferences or events, Mentoring or coaching (informal), Building a company or startup, Community organizing or design advocacy, Social media / content creation",
3/5/2026 19:24:22,56-65,North America,Male,32,Engineering / Computer Science,I hold a Master's degree or higher in design.,During graduate studies,3,3,3,A gradual accumulation of interests that reached a tipping point,1,My first job was in a different profession / industry.,"Large, established design organization (21+)",Corporate (In-house),"Digital product Design, UX Research, UI Design",VP level designer,1 year,VP - Engineering,5,5,2,Under-compensation or financial pressure,4,10,no,"Proven business or user outcomes, Sponsorship or advocacy from senior leaders, Relationships with key stakeholders",3,3,continue at current level,1,4,10,"Writing (blog, book, articles), Mentoring or coaching (informal)",
3/5/2026 19:42:33,46-55,North America,Female,29,Arts / Fine Arts / Humanities,I hold a Master's degree or higher in design.,During undergraduate studies,2,3,5,An unexpected opportunity I hadn't planned for,4,My first job was as a designer.,Small team (2–5 designers),Academic,"Digital product Design, UI Design, Communication Design, Content Design",VP level designer,2 years,SVP Digital,2,2,1,"Non-design (product, engineering, etc.) team members / leaders not supporting design, Burnout",21,24,no,"Sponsorship or advocacy from senior leaders, Business accumen, Technical accumen",1,5,shift your career away from design completely,3,3,3,Attending conferences and events,
3/5/2026 20:10:12,36-45,North America,Female,14,I was always on a design-specific track,I hold an undergraduate degree in design,Before college/university,4,4,5,A gradual accumulation of interests that reached a tipping point,5,My first job was as a designer.,Small team (2–5 designers),Corporate (In-house),"Graphic Design, Digital product Design, Communication Design, Interaction Design, Content Design",Senior IC / Principal designer,1.5 years,CEO & Founders,5,4,4,"Non-design (product, engineering, etc.) team members / leaders not supporting design, Layoffs / Contraction at my company, Lack of growth opportunities at my company",4,0,n/a,"Proven business or user outcomes, Case studies with measurable business results, Sponsorship or advocacy from senior leaders",3,5,"start your own company (agency, startup, etc.)",5,2,2,"Side projects or freelance work, Building a company or startup",
3/5/2026 20:38:09,36-45,North America,Male,14,I was always on a design-specific track,I hold an undergraduate degree in design,During undergraduate studies,3,4,2,An unexpected opportunity I hadn't planned for,1,My first job was as a designer.,Small team (2–5 designers),Public Sector / Government,Interaction Design,Design manager (managing one team of designers),2 years / 7 months,Director of Design ,3,2,5,"Layoffs / Contraction at my company, Under-compensation or financial pressure, Burnout",8,5,No,"Proven business or user outcomes, Previous team size or headcount managed, Budget or scope of management",3,4,unsure,2,3,6,Mentoring or coaching (informal),
3/5/2026 20:53:47,24-35,North America,Female,12,Arts / Fine Arts / Humanities,I did not study design formally.,Early career (0–3 years into a different field),3,5,5,A gradual accumulation of interests that reached a tipping point,1,My first job was in a different profession / industry.,"Large, established design organization (21+)",Agency / Consultancy,UX Research,Director level designer,3 years,Partner Design Director,3,3,5,"Layoffs / Contraction at my company, Burnout, Contracted design job market industry-wide",2,14,No,"Proven business or user outcomes, Relationships with key stakeholders, Business accumen",2,5,advance to the next career level,4,5,25,"Writing (blog, book, articles), Attending conferences and events, Presenting at conferences or events, Mentoring or coaching (informal), Community organizing or design advocacy",
3/5/2026 20:56:54,36-45,North America,Female,18 years,Medical ,I hold an undergraduate degree in design,During undergraduate studies,1,5,5,An unexpected opportunity I hadn't planned for,1,My first job was in a different profession / industry.,Solo designer (I was the only designer in the organization),Agency / Consultancy,Brand Design,Director level designer,8tears ,VP of sales operations ,2,2,2,"Non-design (product, engineering, etc.) team members / leaders not supporting design, Under-compensation or financial pressure, Lack of growth opportunities at my company, Burnout",5,5,Sponsored content journalist ,"Proven business or user outcomes, Case studies with measurable business results, Relationships with key stakeholders",2,5,unsure,2,4,4,None ,
3/5/2026 23:09:12,36-45,North America,Female,13 years,"Social Sciences (Psychology, Sociology, Anthropology)",I hold an undergraduate degree in design,Early career (0–3 years into a different field),1,4,3,An unexpected opportunity I hadn't planned for,1,My first job was as a designer.,Small team (2–5 designers),Corporate (In-house),Graphic Design,Senior / Lead designer,10 years,Design Director ,3,5,4,"Under-compensation or financial pressure, Lack of growth opportunities at my company",8,6,0,"Proven business or user outcomes, Case studies with measurable business results, Sponsorship or advocacy from senior leaders",4,4,advance to the next career level,3,2,3,"Attending conferences and events, Presenting at conferences or events, Mentoring or coaching (informal)",
3/5/2026 23:12:04,36-45,North America,Female,14,I was always on a design-specific track,I hold a Master's degree or higher in design.,It was my childhood dream,3,5,2,A gradual accumulation of interests that reached a tipping point,4,My first job was as a designer.,Solo designer (I was the only designer in the organization),Corporate (In-house),"Brand Design, Graphic Design, Digital product Design, UX Writer, UX Research, UI Design",Design manager (managing one team of designers),New,Direcror,5,5,1,"Layoffs / Contraction at my company, Project or product being cancelled, Under-compensation or financial pressure, Lack of growth opportunities at my company, Contracted design job market industry-wide",2,8,No,"Proven business or user outcomes, Case studies with measurable business results, Years of experience",5,5,advance to the next career level,5,5,5,"Teaching or lecturing, Attending conferences and events, Mentoring or coaching (informal)",
3/5/2026 23:56:06,36-45,North America,Female,16,I was always on a design-specific track,I hold a Master's degree or higher in design.,During undergraduate studies,3,5,3,A pragmatic decision based on job prospects or circumstances,4,My first job was as a designer.,"Large, established design organization (21+)",Agency / Consultancy,Communication Design,Staff level designer,3 years,UX Manager,5,2,2,"Lack of growth opportunities at my company, Burnout, Lack of manager advocacy ",5,0,No,"Proven business or user outcomes, Sponsorship or advocacy from senior leaders, Relationships with key stakeholders",2,5,advance to the next career level,3,5,4,"Teaching or lecturing, Attending conferences and events, Presenting at conferences or events, Mentoring or coaching (informal), Community organizing or design advocacy",
3/6/2026 6:03:20,46-55,North America,Male,32,Arts / Fine Arts / Humanities,I hold an undergraduate degree in design,Before college/university,3,4,2,Took two moves and 1.5 years of trying to land first design job,4,My first job was as a designer.,Small team (2–5 designers),Agency / Consultancy,Graphic Design,Senior IC / Principal designer,4 months ,Director,4,2,2,"Non-design (product, engineering, etc.) team members / leaders not supporting design, Layoffs / Contraction at my company, Burnout",6,0,No,"Proven business or user outcomes, Relationships with key stakeholders, Business accumen",1,3,unsure,4,2,5,"Writing (blog, book, articles), Mentoring or coaching (informal), Side projects or freelance work",
3/6/2026 6:35:53,36-45,North America,Female,13,Business / Economics,I have a bootcamp certificate.,Mid-career pivot (3+ years into a different field),3,3,4,A pragmatic decision based on job prospects or circumstances,2,My first job was in a different profession / industry.,"Large, established design organization (21+)",Agency / Consultancy,Digital product Design,Director level designer,2 years and 8 months,VP,2,3,3,"Layoffs / Contraction at my company, Lack of growth opportunities at my company, Burnout",6,14,No,"Budget or scope of management, Sponsorship or advocacy from senior leaders, Relationships with key stakeholders",2,5,"start your own company (agency, startup, etc.)",5,4,3,"Teaching or lecturing, Side projects or freelance work, Building a company or startup",
3/6/2026 6:43:04,24-35,North America,Female,12,I was always on a design-specific track,I hold an undergraduate degree in design,Before college/university,3,3,5,A natural continuation of what I'd always been doing,4,My first job was as a designer.,Small team (2–5 designers),Agency / Consultancy,"Service Design, Design Strategy, General design research, not ux focused ",Director level designer,2 yrs,SVP of Design,3,5,3,"Under-compensation or financial pressure, Lack of growth opportunities at my company",7,12,Yes business strategy ,"Proven business or user outcomes, Sponsorship or advocacy from senior leaders, Relationships with key stakeholders",2,5,advance to the next career level,5,4,10,"Writing (blog, book, articles), Teaching or lecturing, Attending conferences and events, Presenting at conferences or events, Mentoring or coaching (informal), Community organizing or design advocacy",
3/6/2026 7:01:39,46-55,North America,Female,25,Arts / Fine Arts / Humanities,I hold a Master's degree or higher in design.,Early career (0–3 years into a different field),2,4,4,A gradual accumulation of interests that reached a tipping point,1,My first job was in a different profession / industry.,Solo designer (I was the only designer in the organization),NGO / Non-profit,"Brand Design, Graphic Design, Communication Design, Interaction Design, Exhibition Design, Web design",VP level designer,1 year,"VP UX, UXR and Accessibility ",3,4,3,"Non-design (product, engineering, etc.) team members / leaders not supporting design, Under-compensation or financial pressure, Lack of growth opportunities at my company, Burnout, Misogyny",1,50+,Not this time,"Proven business or user outcomes, Sponsorship or advocacy from senior leaders, Business accumen",2,4,shift to a different professional discipline / business area,3,5,10,"Attending conferences and events, Mentoring or coaching (informal)",
3/6/2026 7:14:12,24-35,North America,Female,9,Engineering / Computer Science,I did not study design formally.,During undergraduate studies,4,5,4,An unexpected opportunity I hadn't planned for,1,My first job was as a designer.,Solo designer (I was the only designer in the organization),Corporate (In-house),"Graphic Design, Digital product Design, UX Writer, UX Research, UI Design, Design Ops",Director of Design Ops,2 years,Chief Design Officer,2,2,1,"Non-design (product, engineering, etc.) team members / leaders not supporting design, Lack of growth opportunities at my company, The above two factors were present at my first company, which is what caused me to pivot. They are no longer a factor.",5.5,3 design ops practitioners,No,"Proven business or user outcomes, Sponsorship or advocacy from senior leaders, Business accumen",2,5,advance to the next career level,5,4,4,I'm quite terrible at having an outside presence with my design leadership. If I have extra bandwidth I'd rather it be spent pushing my actual work further. Which isn't necessarily a good thing.,
3/6/2026 8:02:28,56-65,North America,Male,24,Business / Economics,I did not study design formally.,Before college/university,4,5,4,An unexpected opportunity I hadn't planned for,2,My first job was in a different profession / industry.,"Large, established design organization (21+)",Corporate (In-house),Business Director & Design Partnerships,Partner (consulting / design services),19,my clients (I do not report to anyone else),2,4,4,"Non-design (product, engineering, etc.) team members / leaders not supporting design, Project or product being cancelled, Contracted design job market industry-wide, a general pattern of decline in the role, influence, and engagement of design",1,10,"8 - finance, innovation, insights, analytics, technology","Proven business or user outcomes, Relationships with key stakeholders, Business accumen",1,4,seek to scale impact on the entire Design community (versus serving only one client at a time).  Helping to enable design leaders (and corporate C-suites and Boards) leverage Design more strategically and profoundly,5,3,200,"Teaching or lecturing, Attending conferences and events, Presenting at conferences or events, Mentoring or coaching (informal), Building a company or startup, Community organizing or design advocacy",
3/6/2026 8:23:34,36-45,North America,Male,10 years,Arts / Fine Arts / Humanities,I hold a Master's degree or higher in design.,Early career (0–3 years into a different field),4,4,5,A pragmatic decision based on job prospects or circumstances,4,My first job was in a different profession / industry.,Mid-size team (6–20 designers),Corporate (In-house),"Digital product Design, Interaction Design, Design Strategy",Senior design manager (managing multiple teams),4 years,Design Director,2,3,3,"Layoffs / Contraction at my company, Project or product being cancelled",6,6,No,"Proven business or user outcomes, Case studies with measurable business results, Relationships with key stakeholders",3,4,shift to a different professional discipline / business area,4,3,3,Side projects or freelance work,
3/6/2026 8:25:48,46-55,North America,Male,29,I was always on a design-specific track,I hold an undergraduate degree in design,It was my childhood dream,5,3,1,A natural continuation of what I'd always been doing,1,My first job was as a designer.,Small team (2–5 designers),Agency / Consultancy,"Digital product Design, UI Design",Partner (consulting / design services),2yrs,I own the firm.,2,1,1,"Layoffs / Contraction at my company, Project or product being cancelled, Under-compensation or financial pressure, Lack of growth opportunities at my company, Burnout",5,0,no,"Published writing or thought leadership, Business accumen, Years of experience",2,5,retirement,5,1,5,"Writing (blog, book, articles), Side projects or freelance work, Building a company or startup",
3/6/2026 8:30:29,36-45,North America,Female,20,"Social Sciences (Psychology, Sociology, Anthropology)",I did not study design formally.,Early career (0–3 years into a different field),3,3,5,A gradual accumulation of interests that reached a tipping point,1,My first job was in a different profession / industry.,Small team (2–5 designers),Agency / Consultancy,"Graphic Design, Interaction Design",Director level designer,1.5 years,VP,1,5,3,"Layoffs / Contraction at my company, Project or product being cancelled, Under-compensation or financial pressure, Lack of growth opportunities at my company, Burnout, Contracted design job market industry-wide",4,3,"Dotted line, 9 engineers","Proven business or user outcomes, Case studies with measurable business results, Relationships with key stakeholders",1,5,unsure,5,3,4,"Writing (blog, book, articles), Attending conferences and events, Mentoring or coaching (informal), Building a company or startup, Community organizing or design advocacy",
3/6/2026 9:19:02,46-55,North America,Female,20,Engineering / Computer Science,I did not study design formally.,Mid-career pivot (3+ years into a different field),4,4,3,A natural continuation of what I'd always been doing,5,My first job was in a different profession / industry.,Small team (2–5 designers),Corporate (In-house),"Digital product Design, UI Design, Design Strategy, Content Design",Senior / Lead designer,3 years,Senior Operations Director,5,4,4,"Non-design (product, engineering, etc.) team members / leaders not supporting design, Layoffs / Contraction at my company, Burnout",1,0,No,"Proven business or user outcomes, Advanced degree (MBA, MFA, etc.), Sponsorship or advocacy from senior leaders",3,5,shift your career away from design completely,5,2,1,"Building a company or startup, Social media / content creation",
3/6/2026 9:26:54,46-55,North America,Male,24,Arts / Fine Arts / Humanities,I hold a Master's degree or higher in design.,Early career (0–3 years into a different field),3,4,5,An unexpected opportunity I hadn't planned for,2,My first job was as a designer.,Mid-size team (6–20 designers),Corporate (In-house),Web Design ,Senior / Lead designer,2 years,UX Manager,2,2,1,"Non-design (product, engineering, etc.) team members / leaders not supporting design, Layoffs / Contraction at my company, Project or product being cancelled, Under-compensation or financial pressure, Lack of growth opportunities at my company, Burnout, Contracted design job market industry-wide, Unemployment due to health issues",3,"None formally, but i tend to step in and guide 4-5 people, including my supervisor. ",No,"Previous team size or headcount managed, Advanced degree (MBA, MFA, etc.), Ability to communicate to non-designers",2,5,advance to the next career level,5,2,5,"Attending conferences and events, Mentoring or coaching (informal)",
3/6/2026 9:33:33,46-55,North America,Female,27,"Social Sciences (Psychology, Sociology, Anthropology)",I did not study design formally.,During undergraduate studies,4,5,4,A gradual accumulation of interests that reached a tipping point,3,My first job was in a different profession / industry.,Small team (2–5 designers),Corporate (In-house),Website Designer,Senior Director,1 week,"Executive Vice President, Senior Creative Director",3,3,1,"Non-design (product, engineering, etc.) team members / leaders not supporting design, Project or product being cancelled, Lack of growth opportunities at my company, Burnout, Contracted design job market industry-wide",2,Not sure yet,not sure yet,"Design certifications, Relationships with key stakeholders, Technical accumen",4,4,unsure,3,3,3,"Attending conferences and events, Side projects or freelance work",
3/6/2026 9:34:11,36-45,North America,Male,23,Arts / Fine Arts / Humanities,I hold an undergraduate degree in design,During undergraduate studies,3,5,2,A gradual accumulation of interests that reached a tipping point,4,My first job was in a different profession / industry.,Small team (2–5 designers),Corporate (In-house),Graphic Design,Director level designer,15yrs,CMO,2,3,4,Layoffs / Contraction at my company,12,4,-,"Proven business or user outcomes, Sponsorship or advocacy from senior leaders, Relationships with key stakeholders",4,4,advance to the next career level,4,4,6,"Attending conferences and events, Side projects or freelance work",
3/6/2026 9:48:29,46-55,North America,Male,20,Architecture,I hold a Master's degree or higher in design.,During undergraduate studies,5,5,3,A gradual accumulation of interests that reached a tipping point,2,My first job was as a designer.,Small team (2–5 designers),Agency / Consultancy,Spatial Design,Senior design manager (managing multiple teams),6 years,Director,2,2,1,"Layoffs / Contraction at my company, Lack of growth opportunities at my company",3,20,no,"Previous team size or headcount managed, Case studies with measurable business results, Relationships with key stakeholders",4,4,advance to the next career level,4,5,15,"Teaching or lecturing, Attending conferences and events, Presenting at conferences or events, Mentoring or coaching (informal)",
3/6/2026 10:58:56,46-55,North America,Male,13,Engineering / Computer Science,I hold a Master's degree or higher in design.,Mid-career pivot (3+ years into a different field),2,3,4,A gradual accumulation of interests that reached a tipping point,2,My first job was in a different profession / industry.,"Large, established design organization (21+)",Corporate (In-house),Digital product Design,Senior IC / Principal designer,5,Chief Design Officer,2,5,5,"Non-design (product, engineering, etc.) team members / leaders not supporting design, Layoffs / Contraction at my company, Project or product being cancelled, Lack of growth opportunities at my company, Burnout",1,Depends on project (around 2-6 designers),No,"Proven business or user outcomes, Case studies with measurable business results, Awards or recognition",2,5,advance to the next career level,3,4,10,"Mentoring or coaching (informal), Side projects or freelance work, Building a company or startup",
3/6/2026 11:08:01,46-55,North America,Male,30+,I was always on a design-specific track,I hold an undergraduate degree in design,During undergraduate studies,4,4,4,An unexpected opportunity I hadn't planned for,5,My first job was as a designer.,Small team (2–5 designers),Agency / Consultancy,"Brand Design, Industrial Design, Packaging Design",Director level designer,3,Sr. Director,4,3,3,"Non-design (product, engineering, etc.) team members / leaders not supporting design, Layoffs / Contraction at my company, Lack of growth opportunities at my company",10,3,0,"Proven business or user outcomes, Sponsorship or advocacy from senior leaders, Business accumen",2,5,shift to a different professional discipline / business area,4,2,6,"Writing (blog, book, articles), Teaching or lecturing, Mentoring or coaching (informal), Side projects or freelance work, Building a company or startup",
3/6/2026 11:54:18,36-45,North America,Male,20,Arts / Fine Arts / Humanities,I hold an undergraduate degree in design,Before college/university,3,2,4,A gradual accumulation of interests that reached a tipping point,5,My first job was in a different profession / industry.,Small team (2–5 designers),Agency / Consultancy,Graphic Design,Senior design manager (managing multiple teams),5 years,VP of Product,1,1,1,"Non-design (product, engineering, etc.) team members / leaders not supporting design, Under-compensation or financial pressure, Lack of growth opportunities at my company",7,6,no,"Proven business or user outcomes, Published writing or thought leadership, Relationships with key stakeholders",1,5,advance to the next career level,5,4,12,"Writing (blog, book, articles), Teaching or lecturing, Mentoring or coaching (informal), Side projects or freelance work, Community organizing or design advocacy",
3/6/2026 11:54:26,46-55,North America,Female,30,Arts / Fine Arts / Humanities,I hold a Master's degree or higher in design.,Before college/university,3,5,1,A gradual accumulation of interests that reached a tipping point,5,My first job was in a different profession / industry.,Small team (2–5 designers),Agency / Consultancy,"Graphic Design, Web design",Creative Director (consulting / design services),7 years,Chief Communications Officer,3,5,4,"Non-design (product, engineering, etc.) team members / leaders not supporting design, Lack of growth opportunities at my company",7,4,"yes, photographers, multimedia producer, videographer","Sponsorship or advocacy from senior leaders, Business accumen, Knowing who to ask when outside of my own expertise",4,4,advance to the next career level,3,4,10,"Attending conferences and events, Presenting at conferences or events, Mentoring or coaching (informal)",
3/6/2026 12:28:40,46-55,North America,Male,30,Engineering / Computer Science,I hold an undergraduate degree in design,Before college/university,3,4,4,A gradual accumulation of interests that reached a tipping point,2,My first job was as a designer.,Mid-size team (6–20 designers),Corporate (In-house),"UX Writer, UX Research, UI Design, Interaction Design",Senior design manager (managing multiple teams),5 years,Director of Design,3,3,4,"Layoffs / Contraction at my company, Life events (eg. children)",25,8,None,"Relationships with key stakeholders, Business accumen, Years of experience",3,5,advance to the next career level,3,4,2,Attending conferences and events,
3/6/2026 12:33:50,36-45,North America,Female,20,Arts / Fine Arts / Humanities,I hold an undergraduate degree in design,Before college/university,3,1,3,A gradual accumulation of interests that reached a tipping point,1,My first job was as a designer.,Mid-size team (6–20 designers),Agency / Consultancy,"Communication Design, Motion Design",Senior design manager (managing multiple teams),3,Director,1,4,1,"Non-design (product, engineering, etc.) team members / leaders not supporting design, Project or product being cancelled, Lack of growth opportunities at my company",2,5,0,"Proven business or user outcomes, Relationships with key stakeholders, Business accumen",3,5,advance to the next career level,2,5,9,Mentoring or coaching (informal),
3/6/2026 12:56:32,36-45,North America,Female,16,Arts / Fine Arts / Humanities,I hold an undergraduate degree in design,During undergraduate studies,2,3,2,An unexpected opportunity I hadn't planned for,2,My first job was as a designer.,Mid-size team (6–20 designers),Corporate (In-house),Graphic Design,Director level designer,1.5 years,Senior Director Product Design,4,2,5,"Non-design (product, engineering, etc.) team members / leaders not supporting design, Layoffs / Contraction at my company, Lack of growth opportunities at my company, Burnout",8,4,no,"Case studies with measurable business results, Advanced degree (MBA, MFA, etc.), Business accumen",2,5,unsure,4,1,1,"Attending conferences and events, Mentoring or coaching (informal), Side projects or freelance work",
3/6/2026 13:42:34,56-65,North America,Male,35,Arts / Fine Arts / Humanities,I hold an undergraduate degree in design,During undergraduate studies,5,4,4,A pragmatic decision based on job prospects or circumstances,1,My first job was as a designer.,Small team (2–5 designers),Corporate (In-house),Graphic Design,VP level designer,13 years,"SVP, Product",2,3,2,"Non-design (product, engineering, etc.) team members / leaders not supporting design, Layoffs / Contraction at my company, Under-compensation or financial pressure, Lack of growth opportunities at my company",3,16,No,"Proven business or user outcomes, Relationships with key stakeholders, Business accumen",2,5,advance to the next career level,4,5,4,"Attending conferences and events, Presenting at conferences or events, Mentoring or coaching (informal), Side projects or freelance work",
3/6/2026 14:29:51,46-55,North America,Male,30,I was always on a design-specific track,I hold a Master's degree or higher in design.,Before college/university,4,5,3,A gradual accumulation of interests that reached a tipping point,3,My first job was as a designer.,Mid-size team (6–20 designers),Corporate (In-house),"UX Research, UI Design",Advisor / Mentor,18 months,N/A - I am an Advisor (Independent Practice),3,2,4,"Layoffs / Contraction at my company, Under-compensation or financial pressure, Lack of growth opportunities at my company",6,None - previous role 35,No,"Case studies with measurable business results, Business accumen, Technical accumen",4,5,shift to a different professional discipline / business area,3,4,30,"Writing (blog, book, articles), Presenting at conferences or events, Mentoring or coaching (informal), Social media / content creation",
3/6/2026 15:28:55,46-55,North America,Male,28,I was always on a design-specific track,I hold a Master's degree or higher in design.,During undergraduate studies,4,4,2,A natural continuation of what I'd always been doing,2,My first job was as a designer.,Mid-size team (6–20 designers),Corporate (In-house),Graphic Design,Design manager (managing one team of designers),1 year,Sr UX Manager,3,4,5,"Non-design (product, engineering, etc.) team members / leaders not supporting design, Under-compensation or financial pressure, Burnout",10,5,No,"Proven business or user outcomes, Budget or scope of management, Years of experience",4,4,advance to the next career level,4,3,5,"Writing (blog, book, articles), Attending conferences and events, Community organizing or design advocacy",
3/6/2026 16:07:38,36-45,North America,Male,21,Arts / Fine Arts / Humanities,I hold a Master's degree or higher in design.,Early career (0–3 years into a different field),4,5,5,An unexpected opportunity I hadn't planned for,5,My first job was as a designer.,Solo designer (I was the only designer in the organization),Corporate (In-house),"Graphic Design, UI Design",Director level designer,6 years,VP of Product,5,4,3,"Non-design (product, engineering, etc.) team members / leaders not supporting design, Layoffs / Contraction at my company, Lack of growth opportunities at my company, Burnout",7,80,Engineers (accessibility and design system),"Proven business or user outcomes, Sponsorship or advocacy from senior leaders, Business accumen",3,5,retirement,2,4,4,"Attending conferences and events, Side projects or freelance work",
3/6/2026 16:19:21,36-45,North America,Female,15,Business / Economics,I did not study design formally.,Early career (0–3 years into a different field),5,5,3,A gradual accumulation of interests that reached a tipping point,5,My first job was in a different profession / industry.,Small team (2–5 designers),Freelance / Independent,UX Research,Senior IC / Principal designer,10 years ,,2,5,2,Contracted design job market industry-wide,3,2,1 business analyst,"Relationships with key stakeholders, Years of experience",4,4,advance to the next career level,4,3,5,Mentoring or coaching (informal),
3/6/2026 16:36:41,46-55,North America,Male,29,I was always on a design-specific track,I hold an undergraduate degree in design,It was my childhood dream,5,5,3,A natural continuation of what I'd always been doing,1,My first job was as a designer.,Small team (2–5 designers),Corporate (In-house),"Graphic Design, UI Design, Communication Design",Senior design manager (managing multiple teams),2.5 years,Senior Director,2,2,2,"Layoffs / Contraction at my company, Lack of growth opportunities at my company",11,15,No,"Proven business or user outcomes, Sponsorship or advocacy from senior leaders, Relationships with key stakeholders",2,5,advance to the next career level,5,4,10,"Writing (blog, book, articles), Presenting at conferences or events, Mentoring or coaching (informal)",
3/6/2026 16:50:56,46-55,North America,Female,20,Engineering / Computer Science,I hold a Master's degree or higher in design.,During undergraduate studies,4,5,5,A single defining moment or experience,1,My first job was as a designer.,Small team (2–5 designers),Corporate (In-house),Interaction Design,Design manager (managing one team of designers),10 months,Head of Product,3,4,4,"Non-design (product, engineering, etc.) team members / leaders not supporting design",8,10,"No, only designers and researchers ","Sponsorship or advocacy from senior leaders, Relationships with key stakeholders, Years of experience",3,5,advance to the next career level,5,4,5,Mentoring or coaching (informal),
3/6/2026 17:10:30,36-45,North America,Male,23,I was always on a design-specific track,I hold a Master's degree or higher in design.,During undergraduate studies,4,5,5,A natural continuation of what I'd always been doing,1,My first job was as a designer.,Solo designer (I was the only designer in the organization),Corporate (In-house),"Graphic Design, UI Design, Interaction Design, Motion Design",VP level designer,1 year,"SVP, Head of Product",3,3,2,"Layoffs / Contraction at my company, Project or product being cancelled, Lack of growth opportunities at my company, Burnout",4,12,"Research, 2 people","Sponsorship or advocacy from senior leaders, Relationships with key stakeholders, Technical accumen",3,4,continue at current level,1,4,5,Teaching or lecturing,
3/6/2026 17:19:52,46-55,North America,Female,28,Natural Sciences,I hold a Master's degree or higher in design.,Early career (0–3 years into a different field),5,5,2,A gradual accumulation of interests that reached a tipping point,5,My first job was as a designer.,Small team (2–5 designers),NGO / Non-profit,Communication Design,Senior / Lead designer,1 year,Studio Head,2,4,1,Starting a family,6,2,Nope,Reputation ,2,5,shift your career away from design completely,2,3,1,"Teaching or lecturing, Side projects or freelance work",
3/6/2026 19:04:25,46-55,North America,Male,25,Business / Economics,I hold a Master's degree or higher in design.,Early career (0–3 years into a different field),1,1,2,A pragmatic decision based on job prospects or circumstances,1,My first job was in a different profession / industry.,Solo designer (I was the only designer in the organization),Corporate (In-house),Digital product Design,"Multiple Roles & Levels depending on the nature of the problem, initiative, project or crisis",5,Service Improvement Manager - Strategic Policy Mangement,1,4,3,"Non-design (product, engineering, etc.) team members / leaders not supporting design, Layoffs / Contraction at my company, Under-compensation or financial pressure, Burnout, Global/Economic Crisis and The velocity of Digital Shifts and Changes",6,0," No, it’s co-create, collaborate, contributions, and consultation mostly","Proven business or user outcomes, Advanced degree (MBA, MFA, etc.), Sponsorship or advocacy from senior leaders",5,3,"Interdisciplinary, Multilateral and Multi-vertical ",5,2,3,"Writing (blog, book, articles), Attending conferences and events, Mentoring or coaching (informal), Social media / content creation, Takin lg classes and speaking/sharibg from my design perspective",N/A
3/6/2026 19:52:44,24-35,North America,Female,8,"Social Sciences (Psychology, Sociology, Anthropology)",I hold a Master's degree or higher in design.,During graduate studies,3,4,5,A gradual accumulation of interests that reached a tipping point,3,My first job was as a designer.,"Large, established design organization (21+)",Corporate (In-house),UX Research,Combo design and UXR manager,3 months ,Design director ,1,2,2,None yet but I worry about all the above constantly ,6,7,No but it seems to be trending that way ,"Proven business or user outcomes, Sponsorship or advocacy from senior leaders, Relationships with key stakeholders",1,5,I’d like to stay in UX but with current trends I’m preparing to shift if needed.,5,2,30,"Writing (blog, book, articles), Teaching or lecturing, Attending conferences and events, Presenting at conferences or events, Mentoring or coaching (informal), Side projects or freelance work",
3/6/2026 20:01:48,36-45,North America,Female,14,Arts / Fine Arts / Humanities,I hold a Master's degree or higher in design.,During undergraduate studies,5,5,4,A gradual accumulation of interests that reached a tipping point,1,My first job was as a designer.,Solo designer (I was the only designer in the organization),Startup,"Brand Design, Graphic Design",Senior design manager (managing multiple teams),2 years,AVP ,2,3,1,Burnout,5,2,No,"Proven business or user outcomes, Budget or scope of management, Relationships with key stakeholders",5,5,advance to the next career level,4,4,10,Teaching or lecturing,
3/6/2026 20:32:47,56-65,North America,Male,4,Engineering / Computer Science,I did not study design formally.,Mid-career pivot (3+ years into a different field),4,3,4,An unexpected opportunity I hadn't planned for,5,My first job was in a different profession / industry.,"Large, established design organization (21+)",Corporate (In-house),UX Product Management,Advisor / Mentor,3,Owner (Myself0,1,3,1,"Layoffs / Contraction at my company, Burnout",20,0,0,"Proven business or user outcomes, Business accumen, Years of experience",3,5,retirement,5,1,20,"Writing (blog, book, articles), Attending conferences and events, Mentoring or coaching (informal), Side projects or freelance work, Community organizing or design advocacy, Social media / content creation",
3/6/2026 21:48:10,36-45,North America,Male,17,I was always on a design-specific track,I hold a Master's degree or higher in design.,Before college/university,5,5,4,A pragmatic decision based on job prospects or circumstances,1,My first job was as a designer.,Mid-size team (6–20 designers),Corporate (In-house),"Industrial Design, Spatial Design, Interior Design",VP level designer,3 months,Ceo,3,4,4,Lack of growth opportunities at my company,5,1,3 product managers,"Proven business or user outcomes, Advanced degree (MBA, MFA, etc.), Sponsorship or advocacy from senior leaders",2,5,advance to the next career level,4,3,5,"Writing (blog, book, articles), Building a company or startup",
3/6/2026 22:00:06,36-45,North America,Male,20,"Social Sciences (Psychology, Sociology, Anthropology)",I did not study design formally.,Before college/university,1,2,4,An unexpected opportunity I hadn't planned for,1,My first job was as a designer.,Solo designer (I was the only designer in the organization),Agency / Consultancy,Web design ,Director level designer,1 year,CTO,5,1,3,"Non-design (product, engineering, etc.) team members / leaders not supporting design, Layoffs / Contraction at my company, Burnout",5,4,0,"Previous team size or headcount managed, Case studies with measurable business results",1,5,shift to a different professional discipline / business area,3,1,0,"Side projects or freelance work, Building a company or startup",
3/7/2026 0:21:38,24-35,North America,Male,11,I was always on a design-specific track,I hold a Master's degree or higher in design.,Before college/university,4,4,5,A gradual accumulation of interests that reached a tipping point,1,My first job was as a designer.,"Large, established design organization (21+)",Agency / Consultancy,Spatial Design,Senior IC / Principal designer,4,,2,1,5,"Layoffs / Contraction at my company, Other designers’ narrow view of design",2,None,"4-5, primarily architects, artworkers or technical designers",Technical accumen,1,2,shift your career away from design completely,5,5,100,"Writing (blog, book, articles), Teaching or lecturing, Presenting at conferences or events, Building a company or startup",
3/7/2026 5:53:03,46-55,North America,Female,26,Arts / Fine Arts / Humanities,I hold a Master's degree or higher in design.,Early career (0–3 years into a different field),2,1,5,A gradual accumulation of interests that reached a tipping point,5,My first job was in a different profession / industry.,Small team (2–5 designers),Agency / Consultancy,"Brand Design, Graphic Design, Editorial Design, Information Graphics",Executive Director ,1 yr,VP,4,5,5,"Under-compensation or financial pressure, Lack of growth opportunities at my company, Ageism, sexism, racism",10,3,"8 (CFO, COO, project managers)","Speaking at conferences or industry events, Advanced degree (MBA, MFA, etc.), Business accumen",2,5,continue at current level,5,3,30,"Teaching or lecturing, Presenting at conferences or events, Consulting",
3/7/2026 10:18:49,36-45,North America,Female,17,"Social Sciences (Psychology, Sociology, Anthropology)",I hold an undergraduate degree in design,During undergraduate studies,4,3,4,An unexpected opportunity I hadn't planned for,4,My first job was as a designer.,Small team (2–5 designers),Agency / Consultancy,"Service Design, Experience Design / events/ gathering",Senior / Lead designer,less than 1 yr,Director of Talent Brand,3,5,5,"Non-design (product, engineering, etc.) team members / leaders not supporting design, Layoffs / Contraction at my company, Project or product being cancelled, Lack of growth opportunities at my company, Burnout, Contracted design job market industry-wide",10,i manage creative vendors,no,"Speaking at conferences or industry events, Published writing or thought leadership, Relationships with key stakeholders",2,5,advance to the next career level,5,2,3,"Writing (blog, book, articles), Attending conferences and events, Mentoring or coaching (informal), Side projects or freelance work, Community organizing or design advocacy, Social media / content creation",
3/7/2026 10:48:08,46-55,North America,Male,24 years,Architecture,I hold a Master's degree or higher in design.,Before college/university,5,5,4,A single defining moment or experience,4,My first job was as a designer.,Mid-size team (6–20 designers),Corporate (In-house),"UX Research, Interaction Design",Director level designer,4 years,Managing Director ,5,2,3,"Non-design (product, engineering, etc.) team members / leaders not supporting design, Lack of growth opportunities at my company",3,10,2,"Published writing or thought leadership, Sponsorship or advocacy from senior leaders, Relationships with key stakeholders",1,5,"start your own company (agency, startup, etc.)",5,5,50,"Writing (blog, book, articles), Teaching or lecturing, Attending conferences and events, Presenting at conferences or events, Mentoring or coaching (informal), Side projects or freelance work, Building a company or startup, Community organizing or design advocacy, Social media / content creation",
3/7/2026 13:48:50,36-45,North America,Female,23,Arts / Fine Arts / Humanities,I hold a Master's degree or higher in design.,During undergraduate studies,4,3,4,A pragmatic decision based on job prospects or circumstances,2,My first job was as a designer.,Small team (2–5 designers),Agency / Consultancy,"Brand Design, Graphic Design, Communication Design, Editorial Design",Director level designer,2 months,Chief Product Officer,3,4,3,"Non-design (product, engineering, etc.) team members / leaders not supporting design, Layoffs / Contraction at my company, Under-compensation or financial pressure, Lack of growth opportunities at my company, Burnout",7,"6 now, but previously 15",No,"Proven business or user outcomes, Business accumen, Years of experience",4,5,unsure,4,2,15,"Teaching or lecturing, Mentoring or coaching (informal), Side projects or freelance work, Community organizing or design advocacy",
3/7/2026 14:56:28,46-55,North America,Male,27,Arts / Fine Arts / Humanities,I hold an undergraduate degree in design,Before college/university,3,5,1,cheaper than film school,5,My first job was as a designer.,Small team (2–5 designers),Agency / Consultancy,"Brand Design, Graphic Design, Communication Design, Interaction Design, Exhibition Design, Motion Design",product manager bridge to design,6 months,Director Product,4,1,5,"Non-design (product, engineering, etc.) team members / leaders not supporting design, Layoffs / Contraction at my company, Under-compensation or financial pressure, Lack of growth opportunities at my company, Burnout, Contracted design job market industry-wide",3,0,0,"Previous team size or headcount managed, Sponsorship or advocacy from senior leaders, Years of experience",1,5,unsure,3,2,6,"Writing (blog, book, articles)",
3/7/2026 22:11:36,46-55,North America,Female,20,Arts / Fine Arts / Humanities,I hold an undergraduate degree in design,Early career (0–3 years into a different field),3,4,5,A gradual accumulation of interests that reached a tipping point,1,My first job was in a different profession / industry.,Solo designer (I was the only designer in the organization),Freelance / Independent,"Brand Design, Graphic Design, Communication Design, Exhibition Design, Editorial Design",Executive Creative Director,2 years,CEO ,1,4,4,"Non-design (product, engineering, etc.) team members / leaders not supporting design, Layoffs / Contraction at my company, Under-compensation or financial pressure, Lack of growth opportunities at my company, Burnout, Advertising & Marketing treating design as ""polish"" or simply execution",3,15,"Yes, Program Management and Accounts","Proven business or user outcomes, Sponsorship or advocacy from senior leaders, Relationships with key stakeholders",4,5,"start your own company (agency, startup, etc.)",4,4,5,"Writing (blog, book, articles), Attending conferences and events, Mentoring or coaching (informal), Side projects or freelance work, Building a company or startup",
3/8/2026 11:52:55,56-65,North America,Female,25,Arts / Fine Arts / Humanities,I hold a Master's degree or higher in design.,During undergraduate studies,3,2,1,A natural continuation of what I'd always been doing,2,My first job was as a designer.,Mid-size team (6–20 designers),Agency / Consultancy,"Brand Design, Graphic Design, Service Design, Communication Design, Design Strategy",Advisor / Mentor,7,Myself ,1,4,3,"Non-design (product, engineering, etc.) team members / leaders not supporting design, Layoffs / Contraction at my company, Burnout",3,0,0,"Speaking at conferences or industry events, Advanced degree (MBA, MFA, etc.), Teaching ",3,5,Become a consultant and shift to art practices ,4,4,100,"Teaching or lecturing, Attending conferences and events, Mentoring or coaching (informal), Social media / content creation",
3/8/2026 12:40:12,36-45,North America,Female,14,Industrial Design x Industrial Engineering,I hold a Master's degree or higher in design.,During undergraduate studies,2,4,4,A gradual accumulation of interests that reached a tipping point,3,My first job was as a designer.,Small team (2–5 designers),Startup,Industrial Design,Senior design manager (managing multiple teams),6 months,"AVP, Product Design",5,5,5,"Layoffs / Contraction at my company, Lack of growth opportunities at my company, Burnout",4,13,N/A,"Proven business or user outcomes, Sponsorship or advocacy from senior leaders, Relationships with key stakeholders",4,4,continue at current level,4,5,5,"Mentoring or coaching (informal), Building a company or startup",
3/8/2026 17:23:46,46-55,North America,Non binary,28,I was always on a design-specific track,I hold an undergraduate degree in design,Before college/university,5,5,4,"Both: early childhood abilities in Europe; then, a surprising door opened to my education in the US",5,My first job was as a designer.,Small team (2–5 designers),Startup,"Brand Design, UX Research, UI Design, Communication Design, Interaction Design, Design Strategy, Content Design, Editorial Design, Motion Design, Lean start-up design",After long period of Chief Designer or VP of design I am back into a start-up,3 Months,Myself/ tag team with AI,4,3,5,Managers not experienced in design but leading it,2,N/A (AI),AI,"Proven business or user outcomes, Case studies with measurable business results, Relationships with key stakeholders",3,5,"start your own company (agency, startup, etc.)",4,3,3,"Writing (blog, book, articles), Side projects or freelance work, Building a company or startup, Social media / content creation, AI first with human touch",
3/8/2026 17:44:09,46-55,North America,Male,24,Arts / Fine Arts / Humanities,I hold a degree in design from a community college.,Early career (0–3 years into a different field),2,1,5,A gradual accumulation of interests that reached a tipping point,1,My first job was in a different profession / industry.,Small team (2–5 designers),Freelance / Independent,"UI Design, Interaction Design",Chief Design Officer,6 months,"VP, Head of AI Data Products",1,3,4,"Non-design (product, engineering, etc.) team members / leaders not supporting design, Layoffs / Contraction at my company, Under-compensation or financial pressure, Lack of growth opportunities at my company",5,2,No,"Proven business or user outcomes, Case studies with measurable business results, Years of experience",3,5,advance to the next career level,3,4,50,"Writing (blog, book, articles), Attending conferences and events, Presenting at conferences or events, Mentoring or coaching (informal), Community organizing or design advocacy, Social media / content creation",
3/9/2026 0:26:38,36-45,North America,Female,17,I was always on a design-specific track,I hold an undergraduate degree in design,During undergraduate studies,5,1,4,An unexpected opportunity I hadn't planned for,2,My first job was in a different profession / industry.,Small team (2–5 designers),Freelance / Independent,"Brand Design, Graphic Design, Digital product Design, Service Design, Design Strategy, Content Design",Design manager (managing one team of designers),5 yeara,An Melgoza,4,3,3,"Lack of growth opportunities at my company, Burnout",13,5,No,"Previous team size or headcount managed, Design certifications, Sponsorship or advocacy from senior leaders",5,5,advance to the next career level,3,4,3,"Attending conferences and events, Mentoring or coaching (informal), Side projects or freelance work, Building a company or startup, Community organizing or design advocacy",
3/9/2026 1:58:32,24-35,North America,Female,6,I was always on a design-specific track,I hold an undergraduate degree in design,Before college/university,3,4,2,A gradual accumulation of interests that reached a tipping point,3,My first job was as a designer.,Mid-size team (6–20 designers),Agency / Consultancy,"Brand Design, Graphic Design, Industrial Design",Master's student,half a year,professor,4,4,2,"Project or product being cancelled, Burnout",0,0,0,still a student,4,5,advance to the next career level,3,2,0,Side projects or freelance work,
3/9/2026 9:09:54,24-35,North America,Female,10,I was always on a design-specific track,I hold an undergraduate degree in design,During undergraduate studies,5,3,2,A gradual accumulation of interests that reached a tipping point,5,My first job was as a designer.,Small team (2–5 designers),NGO / Non-profit,Graphic Design,Director level designer,8 months,VP Product,1,4,1,"Non-design (product, engineering, etc.) team members / leaders not supporting design, Layoffs / Contraction at my company",8,3,Yes,"Case studies with measurable business results, Sponsorship or advocacy from senior leaders, Relationships with key stakeholders",2,5,continue at current level,5,3,10,Side projects or freelance work,
3/9/2026 12:47:06,36-45,North America,Male,20,I was always on a design-specific track,I hold an undergraduate degree in design,During undergraduate studies,3,3,4,An unexpected opportunity I hadn't planned for,1,My first job was as a designer.,Small team (2–5 designers),Startup,"UI Design, Motion Design, Production Design",Director level designer,8 months,VP,1,3,3,"Layoffs / Contraction at my company, Lack of growth opportunities at my company, Contracted design job market industry-wide",7,20,No,"Case studies with measurable business results, Relationships with key stakeholders, Years of experience",3,3,"start your own company (agency, startup, etc.)",3,4,6,"Writing (blog, book, articles), Attending conferences and events, Mentoring or coaching (informal), Side projects or freelance work, Building a company or startup",
3/9/2026 14:13:57,46-55,North America,Female,25,Engineering / Computer Science,I hold an undergraduate degree in design,During undergraduate studies,2,5,4,A gradual accumulation of interests that reached a tipping point,1,My first job was in a different profession / industry.,Small team (2–5 designers),Agency / Consultancy,Web design,Senior IC / Principal designer,6 months,VP Product Design,2,5,3,"Non-design (product, engineering, etc.) team members / leaders not supporting design, Lack of growth opportunities at my company, Burnout",15,0,No,"Proven business or user outcomes, Case studies with measurable business results, Sponsorship or advocacy from senior leaders",2,5,"start your own company (agency, startup, etc.)",5,4,20,"Writing (blog, book, articles), Presenting at conferences or events, Mentoring or coaching (informal), Building a company or startup, Social media / content creation",
3/9/2026 14:37:01,46-55,North America,Male,12,Arts / Fine Arts / Humanities,I hold a Master's degree or higher in design.,Before college/university,2,2,4,A gradual accumulation of interests that reached a tipping point,4,My first job was in a different profession / industry.,Small team (2–5 designers),Startup,Digital product Design,Director level designer,4 years,Director of Product Management,1,4,3,"Layoffs / Contraction at my company, Project or product being cancelled, Under-compensation or financial pressure, Lack of growth opportunities at my company, Burnout",5,1,Teams rotate through project work. I lead those teams. Typically: 2–3 engineers and at least 1 QA while balancing design and product asks simultaneously.,"Proven business or user outcomes, Budget or scope of management, Case studies with measurable business results",2,5,Stay within the discipline but likely pivot in some way (out of current role & org),4,1,1,"Writing (blog, book, articles), Attending conferences and events, Mentoring or coaching (informal), Side projects or freelance work",
3/9/2026 15:00:48,46-55,North America,Female,30,I was always on a design-specific track,I hold a Master's degree or higher in design.,During undergraduate studies,3,4,4,A gradual accumulation of interests that reached a tipping point,4,My first job was in a different profession / industry.,Small team (2–5 designers),Corporate (In-house),"Brand Design, Graphic Design, Communication Design, Editorial Design",VP level designer,3 years,,1,4,4,"Non-design (product, engineering, etc.) team members / leaders not supporting design, Layoffs / Contraction at my company, Under-compensation or financial pressure, Lack of growth opportunities at my company, Burnout",3,24,0,"Proven business or user outcomes, Sponsorship or advocacy from senior leaders, Relationships with key stakeholders",3,4,advance to the next career level,5,3,4,"Attending conferences and events, Side projects or freelance work",
3/9/2026 17:31:45,36-45,North America,Female,14,Arts / Fine Arts / Humanities,I hold a Master's degree or higher in design.,Before college/university,4,2,3,A gradual accumulation of interests that reached a tipping point,1,My first job was as a designer.,"Large, established design organization (21+)",Agency / Consultancy,"UX Research, UI Design, Service Design, Interaction Design, Design Strategy",Hybrid IC/ Head of Design,2.5,CEO,1,5,3,"Non-design (product, engineering, etc.) team members / leaders not supporting design, Burnout",4,1,0,"Proven business or user outcomes, Previous team size or headcount managed, Advanced degree (MBA, MFA, etc.)",4,5,advance to the next career level,4,1,25,"Writing (blog, book, articles), Attending conferences and events, Side projects or freelance work",
3/10/2026 8:17:09,46-55,North America,Male,29,Business / Economics,I hold a Master's degree or higher in design.,Before college/university,3,5,3,A gradual accumulation of interests that reached a tipping point,3,My first job was as a designer.,Solo designer (I was the only designer in the organization),Corporate (In-house),"Graphic Design, UI Design, Interaction Design",Senior design manager (managing multiple teams),2,VP of Engineering,5,3,5,"Non-design (product, engineering, etc.) team members / leaders not supporting design, Layoffs / Contraction at my company, Lack of growth opportunities at my company",10,95,"25 Front-End Engineers, 5 Ops, 15 Researchers","Proven business or user outcomes, Advanced degree (MBA, MFA, etc.), Business accumen",3,5,continue at current level,4,4,3,"Mentoring or coaching (informal), Side projects or freelance work",
3/10/2026 14:47:16,46-55,North America,Male,30,I was always on a design-specific track,I hold an undergraduate degree in design,During undergraduate studies,5,4,2,A gradual accumulation of interests that reached a tipping point,5,My first job was as a designer.,Mid-size team (6–20 designers),Corporate (In-house),Graphic Design,Global Head of UI/UX,less than 6 months ,Global Head of Product ,1,2,1,Layoffs / Contraction at my company,15,27,None,"Proven business or user outcomes, Relationships with key stakeholders, Business accumen",1,4,continue at current level,1,4,10,"Attending conferences and events, Presenting at conferences or events, Mentoring or coaching (informal)",
3/11/2026 18:38:39,46-55,North America,Male,22,animation,I hold an undergraduate degree in design,Before college/university,4,5,2,A natural continuation of what I'd always been doing,1,My first job was as a designer.,Mid-size team (6–20 designers),Corporate (In-house),Industrial Design,Director level designer,3 years,VP Product,5,5,4,The biggest setbacks I have encountered are due to unqualified designers influencing the leaders I then had to reeducate. reeducating stakeholders who have been misled is by far the most difficult challenge of my career. ,10,7,no,"Relationships with key stakeholders, Business accumen",1,2,continue at current level,5,4,2,"Family is by far the most important thing, and any time I have outside of work goes to them",
3/12/2026 23:42:17,46-55,North America,Female,25,Arts / Fine Arts / Humanities,I hold a Master's degree or higher in design.,Before college/university,5,4,4,A natural continuation of what I'd always been doing,2,My first job was in a different profession / industry.,Solo designer (I was the only designer in the organization),Freelance / Independent,"Graphic Design, Interaction Design",Partner (consulting / design services),6 months,Myself,3,5,3,"Non-design (product, engineering, etc.) team members / leaders not supporting design, Layoffs / Contraction at my company, Project or product being cancelled, Contracted design job market industry-wide",6,None,"Yes, producers, operations, and program managers","Proven business or user outcomes, Case studies with measurable business results, Awards or recognition",2,4,shift your career away from design completely,4,4,8,"Writing (blog, book, articles), Attending conferences and events, Presenting at conferences or events, Mentoring or coaching (informal), Side projects or freelance work, Building a company or startup, Community organizing or design advocacy",
3/14/2026 17:00:35,46-55,North America,Male,35,Arts / Fine Arts / Humanities,I hold an undergraduate degree in design,During undergraduate studies,4,3,4,an internship,1,My first job was as a designer.,Small team (2–5 designers),Agency / Consultancy,"Brand Design, Graphic Design, Editorial Design",Chief Design Officer,15 years,CEO,3,5,4,"Under-compensation or financial pressure, Lack of growth opportunities at my company, Burnout",5,8,yes,"Speaking at conferences or industry events, Published writing or thought leadership, Awards or recognition",5,5,shift to a different professional discipline / business area,5,4,10,"Writing (blog, book, articles), Teaching or lecturing, Attending conferences and events, Presenting at conferences or events, Mentoring or coaching (informal), Side projects or freelance work, Building a company or startup, Community organizing or design advocacy, Social media / content creation",
3/6/2026 12:00:39,36-45,South / Central America,Male,Since 1999,Arts / Fine Arts / Humanities,I hold an undergraduate degree in design,Before college/university,5,4,3,A natural continuation of what I'd always been doing,4,My first job was as a designer.,Small team (2–5 designers),NGO / Non-profit,Graphic Design,Senior design manager (managing multiple teams),6 years,Head of design,5,3,2,"Non-design (product, engineering, etc.) team members / leaders not supporting design, Under-compensation or financial pressure, Lack of growth opportunities at my company, Burnout, Contracted design job market industry-wide",10,7,I did,"Case studies with measurable business results, Years of experience, Technical accumen",1,5,unsure,5,3,12,"Presenting at conferences or events, Mentoring or coaching (informal)",
3/6/2026 16:14:36,46-55,South / Central America,Male,25,I was always on a design-specific track,I hold an undergraduate degree in design,Before college/university,5,5,5,A pragmatic decision based on job prospects or circumstances,1,My first job was as a designer.,Small team (2–5 designers),Agency / Consultancy,"Digital product Design, UI Design",Design manager (managing one team of designers),2 years,Customer Experience Director,3,3,3,"Non-design (product, engineering, etc.) team members / leaders not supporting design, Layoffs / Contraction at my company, Under-compensation or financial pressure, Lack of growth opportunities at my company, Burnout",10,6,No,"Advanced degree (MBA, MFA, etc.), Sponsorship or advocacy from senior leaders, Relationships with key stakeholders",1,5,continue at current level,3,4,10,"Teaching or lecturing, Learning new skills",
3/8/2026 8:18:27,46-55,South / Central America,Male,28,I was always on a design-specific track,I hold a Master's degree or higher in design.,Before college/university,4,3,2,A pragmatic decision based on job prospects or circumstances,4,My first job was in a different profession / industry.,Small team (2–5 designers),Corporate (In-house),Graphic Design,Design manager (managing one team of designers),5 years,IT Architecture and Engineering Manager,4,2,4,"Non-design (product, engineering, etc.) team members / leaders not supporting design, Lack of growth opportunities at my company",15,6,"Around 15 people between specialists and analysts in business, conversion, content and software development.","Speaking at conferences or industry events, Advanced degree (MBA, MFA, etc.), Relationships with key stakeholders",5,4,shift to a different professional discipline / business area,4,3,7,None of those ,
3/9/2026 14:35:41,36-45,South / Central America,Female,15,I was always on a design-specific track,I hold a Master's degree or higher in design.,During undergraduate studies,5,4,5,A gradual accumulation of interests that reached a tipping point,1,My first job was as a designer.,Small team (2–5 designers),Agency / Consultancy,"Graphic Design, Content Design, Editorial Design",Design manager (managing one team of designers),1 year,Head of Design,5,4,5,"Non-design (product, engineering, etc.) team members / leaders not supporting design, Lack of growth opportunities at my company, Burnout",9,6,no,"Previous team size or headcount managed, Speaking at conferences or industry events, Design certifications",5,5,"start your own company (agency, startup, etc.)",3,5,5,"Attending conferences and events, Presenting at conferences or events, Mentoring or coaching (informal), Side projects or freelance work, Building a company or startup",
